,Name,Year of Release,Genre,IMDB Rating,Metascore,Director(s),Star(s),Summary,Votes,Gross Earning
1,The Shawshank Redemption,1994,Drama,9.3,82,Frank Darabont,"Tim Robbins, Morgan Freeman, Bob Gunton, William Sadler","Over the course of several years, two convicts form a friendship, seeking consolation and, eventually, redemption through basic compassion.","2,814,520",$28.34M
2,The Godfather,1972,"Crime, Drama",9.2,100,Francis Ford Coppola,"Marlon Brando, Al Pacino, James Caan, Diane Keaton","Don Vito Corleone, head of a mafia family, decides to hand over his empire to his youngest son Michael. However, his decision unintentionally puts the lives of his loved ones in grave danger.","1,961,544",$134.97M
3,The Dark Knight,2008,"Action, Crime, Drama",9.0,84,Christopher Nolan,"Christian Bale, Heath Ledger, Aaron Eckhart, Michael Caine","When the menace known as the Joker wreaks havoc and chaos on the people of Gotham, Batman must accept one of the greatest psychological and physical tests of his ability to fight injustice.","2,796,190",$534.86M
4,Schindler's List,1993,"Biography, Drama, History",9.0,95,Steven Spielberg,"Liam Neeson, Ralph Fiennes, Ben Kingsley, Caroline Goodall","In German-occupied Poland during World War II, industrialist Oskar Schindler gradually becomes concerned for his Jewish workforce after witnessing their persecution by the Nazis.","1,414,846",$96.90M
5,The Lord of the Rings: The Return of the King,2003,"Action, Adventure, Drama",9.0,94,Peter Jackson,"Elijah Wood, Viggo Mortensen, Ian McKellen, Orlando Bloom",Gandalf and Aragorn lead the World of Men against Sauron's army to draw his gaze from Frodo and Sam as they approach Mount Doom with the One Ring.,"1,927,232",$377.85M
6,12 Angry Men,1957,"Crime, Drama",9.0,97,Sidney Lumet,"Henry Fonda, Lee J. Cobb, Martin Balsam, John Fiedler",The jury in a New York City murder trial is frustrated by a single member whose skeptical caution forces them to more carefully consider the evidence before jumping to a hasty verdict.,"838,414",$4.36M
7,The Godfather Part II,1974,"Crime, Drama",9.0,90,Francis Ford Coppola,"Al Pacino, Robert De Niro, Robert Duvall, Diane Keaton","The early life and career of Vito Corleone in 1920s New York City is portrayed, while his son, Michael, expands and tightens his grip on the family crime syndicate.","1,331,789",$57.30M
8,Pulp Fiction,1994,"Crime, Drama",8.9,95,Quentin Tarantino,"John Travolta, Uma Thurman, Samuel L. Jackson, Bruce Willis","The lives of two mob hitmen, a boxer, a gangster and his wife, and a pair of diner bandits intertwine in four tales of violence and redemption.","2,158,475",$107.93M
9,Fight Club,1999,Drama,8.8,67,David Fincher,"Brad Pitt, Edward Norton, Meat Loaf, Zach Grenier",An insomniac office worker and a devil-may-care soap maker form an underground fight club that evolves into much more.,"2,249,369",$37.03M
10,Inception,2010,"Action, Adventure, Sci-Fi",8.8,74,Christopher Nolan,"Leonardo DiCaprio, Joseph Gordon","A thief who steals corporate secrets through the use of dream-sharing technology is given the inverse task of planting an idea into the mind of a C.E.O., but his tragic past may doom the project and his team to disaster.","2,481,777",$292.58M
11,The Lord of the Rings: The Fellowship of the Ring,2001,"Action, Adventure, Drama",8.8,92,Peter Jackson,"Elijah Wood, Ian McKellen, Orlando Bloom, Sean Bean",A meek Hobbit from the Shire and eight companions set out on a journey to destroy the powerful One Ring and save Middle-earth from the Dark Lord Sauron.,"1,954,679",$315.54M
12,Forrest Gump,1994,"Drama, Romance",8.8,82,Robert Zemeckis,"Tom Hanks, Robin Wright, Gary Sinise, Sally Field","The history of the United States from the 1950s to the '70s unfolds from the perspective of an Alabama man with an IQ of 75, who yearns to be reunited with his childhood sweetheart.","2,191,680",$330.25M
13,"The Good, the Bad and the Ugly",1966,"Adventure, Western",8.8,90,Sergio Leone,"Clint Eastwood, Eli Wallach, Lee Van Cleef, Aldo Giuffr",A bounty hunting scam joins two men in an uneasy alliance against a third in a race to find a fortune in gold buried in a remote cemetery.,"793,199",$6.10M
14,The Lord of the Rings: The Two Towers,2002,"Action, Adventure, Drama",8.8,87,Peter Jackson,"Elijah Wood, Ian McKellen, Viggo Mortensen, Orlando Bloom","While Frodo and Sam edge closer to Mordor with the help of the shifty Gollum, the divided fellowship makes a stand against Sauron's new ally, Saruman, and his hordes of Isengard.","1,738,200",$342.55M
15,Jai Bhim,2021,"Crime, Drama, Mystery",8.8,,T.J. Gnanavel,"Suriya, Lijo Mol Jose, Manikandan K., Rajisha Vijayan","When a tribal man is arrested for a case of alleged theft, his wife turns to a human-rights lawyer to help bring justice.","211,749",
16,Spider-Man: Across the Spider-Verse,2023,"Animation, Action, Adventure",8.7,86,"Joaquim Dos Santos, Kemp Powers, Justin K. Thompson","Shameik Moore, Hailee Steinfeld, Brian Tyree Henry, Luna Lauren Velez","Miles Morales catapults across the Multiverse, where he encounters a team of Spider-People charged with protecting its very existence. When the heroes clash on how to handle a new threat, Miles must redefine what it means to be a hero.","285,101",
17,Interstellar,2014,"Adventure, Drama, Sci-Fi",8.7,74,Christopher Nolan,"Matthew McConaughey, Anne Hathaway, Jessica Chastain, Mackenzie Foy","When Earth becomes uninhabitable in the future, a farmer and ex-NASA pilot, Joseph Cooper, is tasked to pilot a spacecraft, along with a team of researchers, to find a new planet for humans.","2,006,278",$188.02M
18,Goodfellas,1990,"Biography, Crime, Drama",8.7,92,Martin Scorsese,"Robert De Niro, Ray Liotta, Joe Pesci, Lorraine Bracco","The story of Henry Hill and his life in the mafia, covering his relationship with his wife Karen and his mob partners Jimmy Conway and Tommy DeVito.","1,222,450",$46.84M
19,The Matrix,1999,"Action, Sci-Fi",8.7,73,"Lana Wachowski, Lilly Wachowski","Keanu Reeves, Laurence Fishburne, Carrie","When a beautiful stranger leads computer hacker Neo to a forbidding underworld, he discovers the shocking truth--the life he knows is the elaborate deception of an evil cyber-intelligence.","2,001,028",$171.48M
20,One Flew Over the Cuckoo's Nest,1975,Drama,8.7,84,Milos Forman,"Jack Nicholson, Louise Fletcher, Michael Berryman, Peter Brocco","In the Fall of 1963, a Korean War veteran and criminal pleads insanity and is admitted to a mental institution, where he rallies up the scared patients against the tyrannical nurse.","1,048,404",$112.00M
21,Star Wars: Episode V - The Empire Strikes Back,1980,"Action, Adventure, Fantasy",8.7,82,Irvin Kershner,"Mark Hamill, Harrison Ford, Carrie Fisher, Billy Dee Williams","After the Rebels are overpowered by the Empire, Luke Skywalker begins his Jedi training with Yoda, while his friends are pursued across the galaxy by Darth Vader and bounty hunter Boba Fett.","1,348,691",$290.48M
22,The Silence of the Lambs,1991,"Crime, Drama, Thriller",8.6,86,Jonathan Demme,"Jodie Foster, Anthony Hopkins, Scott Glenn, Ted Levine","A young F.B.I. cadet must receive the help of an incarcerated and manipulative cannibal killer to help catch another serial killer, a madman who skins his victims.","1,504,348",$130.74M
23,Se7en,1995,"Crime, Drama, Mystery",8.6,65,David Fincher,"Morgan Freeman, Brad Pitt, Kevin Spacey, Andrew Kevin Walker","Two detectives, a rookie and a veteran, hunt a serial killer who uses the seven deadly sins as his motives.","1,744,963",$100.13M
24,Saving Private Ryan,1998,"Drama, War",8.6,91,Steven Spielberg,"Tom Hanks, Matt Damon, Tom Sizemore, Edward Burns","Following the Normandy Landings, a group of U.S. soldiers go behind enemy lines to retrieve a paratrooper whose brothers have been killed in action.","1,457,992",$216.54M
25,Star Wars: Episode IV - A New Hope,1977,"Action, Adventure, Fantasy",8.6,90,George Lucas,"Mark Hamill, Harrison Ford, Carrie Fisher, Alec Guinness","Luke Skywalker joins forces with a Jedi Knight, a cocky pilot, a Wookiee and two droids to save the galaxy from the Empire's world-destroying battle station, while also attempting to rescue Princess Leia from the mysterious Darth Vader.","1,419,963",$322.74M
26,The Green Mile,1999,"Crime, Drama, Fantasy",8.6,61,Frank Darabont,"Tom Hanks, Michael Clarke Duncan, David Morse, Bonnie Hunt","A tale set on death row in a Southern jail, where gentle giant John possesses the mysterious power to heal people's ailments. When the lead guard, Paul, recognizes John's gift, he tries to help stave off the condemned man's execution.","1,368,868",$136.80M
27,Spirited Away,2001,"Animation, Adventure, Family",8.6,96,Hayao Miyazaki,"Daveigh Chase, Suzanne Pleshette, Miyu Irino, Rumi Hiiragi","During her family's move to the suburbs, a sullen 10-year-old girl wanders into a world ruled by gods, witches and spirits, a world where humans are changed into beasts.","816,066",$10.06M
28,City of God,2002,"Crime, Drama",8.6,79,"Fernando Meirelles, K","Alexandre Rodrigues, Leandro Firmino, Matheus Nachtergaele, Phellipe Haagensen","In the slums of Rio, two kids' paths diverge as one struggles to become a photographer and the other a kingpin.","785,018",$7.56M
29,Terminator 2: Judgment Day,1991,"Action, Sci-Fi",8.6,75,James Cameron,"Arnold Schwarzenegger, Linda Hamilton, Edward Furlong, Robert Patrick","A cyborg, identical to the one who failed to kill Sarah Connor, must now protect her ten year old son John from an even more advanced and powerful cyborg.","1,147,386",$204.84M
30,Life Is Beautiful,1997,"Comedy, Drama, Romance",8.6,59,Roberto Benigni,"Roberto Benigni, Nicoletta Braschi, Giorgio Cantarini, Giustino Durano","When an open-minded Jewish waiter and his son become victims of the Holocaust, he uses a perfect mixture of will, humor and imagination to protect his son from the dangers around their camp.","726,248",$57.60M
31,It's a Wonderful Life,1946,"Drama, Family, Fantasy",8.6,89,Frank Capra,"James Stewart, Donna Reed, Lionel Barrymore, Thomas Mitchell",An angel is sent from Heaven to help a desperately frustrated businessman by showing him what life would have been like if he had never existed.,"481,325",
32,Seven Samurai,1954,"Action, Drama",8.6,98,Akira Kurosawa,Toshir,"Farmers from a village exploited by bandits hire a veteran samurai for protection, who gathers six other samurai to join him.","359,627",$0.27M
33,Harakiri,1962,"Action, Drama, Mystery",8.6,85,Masaki Kobayashi,"Tatsuya Nakadai, Akira Ishihama, Shima Iwashita, Tetsur","When a ronin requesting seppuku at a feudal lord's palace is told of the brutal suicide of another ronin who previously visited, he reveals how their pasts are intertwined - and in doing so challenges the clan's integrity.","64,672",
34,Oppenheimer,2023,"Biography, Drama, History",8.5,88,Christopher Nolan,"Cillian Murphy, Emily Blunt, Matt Damon, Robert Downey Jr.","The story of American scientist, J. Robert Oppenheimer, and his role in the development of the atomic bomb.","471,645",
35,The Departed,2006,"Crime, Drama, Thriller",8.5,85,Martin Scorsese,"Leonardo DiCaprio, Matt Damon, Jack Nicholson, Mark Wahlberg",An undercover cop and a mole in the police attempt to identify each other while infiltrating an Irish gang in South Boston.,"1,387,759",$132.38M
36,Back to the Future,1985,"Adventure, Comedy, Sci-Fi",8.5,87,Robert Zemeckis,"Michael J. Fox, Christopher Lloyd, Lea Thompson, Crispin Glover","Marty McFly, a 17-year-old high school student, is accidentally sent 30 years into the past in a time-traveling DeLorean invented by his close friend, the maverick scientist Doc Brown.","1,271,024",$210.61M
37,Gladiator,2000,"Action, Adventure, Drama",8.5,67,Ridley Scott,"Russell Crowe, Joaquin Phoenix, Connie Nielsen, Oliver Reed",A former Roman General sets out to exact vengeance against the corrupt emperor who murdered his family and sent him into slavery.,"1,572,289",$187.71M
38,Alien,1979,"Horror, Sci-Fi",8.5,89,Ridley Scott,"Sigourney Weaver, Tom Skerritt, John Hurt, Veronica Cartwright",The crew of a commercial spacecraft encounters a deadly lifeform after investigating an unknown transmission.,"925,205",$78.90M
39,Parasite,2019,"Drama, Thriller",8.5,96,Bong Joon Ho,Song Kang,Greed and class discrimination threaten the newly formed symbiotic relationship between the wealthy Park family and the destitute Kim clan.,"898,468",$53.37M
40,The Prestige,2006,"Drama, Mystery, Sci-Fi",8.5,66,Christopher Nolan,"Christian Bale, Hugh Jackman, Scarlett Johansson, Michael Caine","After a tragic accident, two stage magicians in 1890s London engage in a battle to create the ultimate illusion while sacrificing everything they have to outwit each other.","1,404,243",$53.09M
41,Django Unchained,2012,"Drama, Western",8.5,81,Quentin Tarantino,"Jamie Foxx, Christoph Waltz, Leonardo DiCaprio, Kerry Washington","With the help of a German bounty-hunter, a freed slave sets out to rescue his wife from a brutal plantation owner in Mississippi.","1,645,163",$162.81M
42,Psycho,1960,"Horror, Mystery, Thriller",8.5,97,Alfred Hitchcock,"Anthony Perkins, Janet Leigh, Vera Miles, John Gavin","A Phoenix secretary embezzles $40,000 from her employer's client, goes on the run and checks into a remote motel run by a young man under the domination of his mother.","703,276",$32.00M
43,Whiplash,2014,"Drama, Music",8.5,89,Damien Chazelle,"Miles Teller, J.K. Simmons, Melissa Benoist, Paul Reiser",A promising young drummer enrolls at a cut-throat music conservatory where his dreams of greatness are mentored by an instructor who will stop at nothing to realize a student's potential.,"940,704",$13.09M
44,Léon: The Professional,1994,"Action, Crime, Drama",8.5,64,Luc Besson,"Jean Reno, Gary Oldman, Natalie Portman, Danny Aiello","12-year-old Mathilda is reluctantly taken in by Léon, a professional assassin, after her family is murdered. An unusual relationship forms as she becomes his protégée and learns the assassin's trade.","1,215,293",$19.50M
45,The Pianist,2002,"Biography, Drama, Music",8.5,85,Roman Polanski,"Adrien Brody, Thomas Kretschmann, Frank Finlay, Emilia Fox",A Polish Jewish musician struggles to survive the destruction of the Warsaw ghetto of World War II.,"884,030",$32.57M
46,The Usual Suspects,1995,"Crime, Drama, Mystery",8.5,77,Bryan Singer,"Kevin Spacey, Gabriel Byrne, Chazz Palminteri, Stephen Baldwin",The sole survivor of a pier shoot-out tells the story of how a notorious criminal influenced the events that began with five criminals meeting in a seemingly random police lineup.,"1,123,654",$23.34M
47,The Lion King,1994,"Animation, Adventure, Drama",8.5,88,"Roger Allers, Rob Minkoff","Matthew Broderick, Jeremy Irons, James Earl Jones, Whoopi Goldberg","Lion prince Simba and his father are targeted by his bitter uncle, who wants to ascend the throne himself.","1,112,138",$422.78M
48,American History X,1998,"Crime, Drama",8.5,62,Tony Kaye,"Edward Norton, Edward Furlong, Beverly D","Living a life marked by violence, neo-Nazi Derek finally goes to prison after killing two black youths. Upon his release, Derek vows to change; he hopes to prevent his brother, Danny, who idolizes Derek, from following in his footsteps.","1,163,526",$6.72M
49,The Intouchables,2011,"Biography, Comedy, Drama",8.5,57,"Olivier Nakache, ",Fran,"After he becomes a quadriplegic from a paragliding accident, an aristocrat hires a young man from the projects to be his caregiver.","903,608",$13.18M
50,Casablanca,1942,"Drama, Romance, War",8.5,100,Michael Curtiz,"Humphrey Bogart, Ingrid Bergman, Paul Henreid, Claude Rains",A cynical expatriate American cafe owner struggles to decide whether or not to help his former lover and her fugitive husband escape the Nazis in French Morocco.,"594,344",$1.02M
51,Once Upon a Time in the West,1968,Western,8.5,82,Sergio Leone,"Henry Fonda, Charles Bronson, Claudia Cardinale, Jason Robards",A mysterious stranger with a harmonica joins forces with a notorious desperado to protect a beautiful widow from a ruthless assassin working for the railroad.,"342,993",$5.32M
52,Grave of the Fireflies,1988,"Animation, Drama, War",8.5,94,Isao Takahata,"Tsutomu Tatsumi, Ayano Shiraishi, Akemi Yamaguchi, Yoshiko Shinohara",A young boy and his little sister struggle to survive in Japan during World War II.,"298,140",
53,Rear Window,1954,"Mystery, Thriller",8.5,100,Alfred Hitchcock,"James Stewart, Grace Kelly, Wendell Corey, Thelma Ritter","A photographer in a wheelchair spies on his neighbors from his Greenwich Village courtyard apartment window, and becomes convinced one of them has committed murder, despite the skepticism of his fashion-model girlfriend.","511,443",$36.76M
54,Cinema Paradiso,1988,"Drama, Romance",8.5,80,Giuseppe Tornatore,"Philippe Noiret, Enzo Cannavale, Antonella Attili, Isa Danieli",A filmmaker recalls his childhood when falling in love with the pictures at the cinema of his home village and forms a deep friendship with the cinema's projectionist.,"275,516",$11.99M
55,Modern Times,1936,"Comedy, Drama, Romance",8.5,96,Charles Chaplin,"Charles Chaplin, Paulette Goddard, Henry Bergman, Tiny Sandford",The Tramp struggles to live in modern industrial society with the help of a young homeless woman.,"253,837",$0.16M
56,City Lights,1931,"Comedy, Drama, Romance",8.5,99,Charles Chaplin,"Charles Chaplin, Virginia Cherrill, Florence Lee, Harry Myers","With the aid of a wealthy erratic tippler, a dewy-eyed tramp who has fallen in love with a sightless flower girl accumulates money to be able to help her medically.","192,222",$0.02M
57,The Shining,1980,"Drama, Horror",8.4,66,Stanley Kubrick,"Jack Nicholson, Shelley Duvall, Danny Lloyd, Scatman Crothers","A family heads to an isolated hotel for the winter where a sinister presence influences the father into violence, while his psychic son sees horrific forebodings from both past and future.","1,078,498",$44.02M
58,Joker,2019,"Crime, Drama, Thriller",8.4,59,Todd Phillips,"Joaquin Phoenix, Robert De Niro, Zazie Beetz, Frances Conroy","During the 1980s, a failed stand-up comedian is driven insane and turns to a life of crime and chaos in Gotham City while becoming an infamous psychopathic crime figure.","1,415,532",$335.45M
59,Avengers: Endgame,2019,"Action, Adventure, Drama",8.4,78,"Anthony Russo, Joe Russo","Robert Downey Jr., Chris Evans, Mark Ruffalo, Chris Hemsworth","After the devastating events of Avengers: Infinity War (2018), the universe is in ruins. With the help of remaining allies, the Avengers assemble once more in order to reverse Thanos' actions and restore balance to the universe.","1,222,834",$858.37M
60,Inglourious Basterds,2009,"Adventure, Drama, War",8.4,69,Quentin Tarantino,"Brad Pitt, Diane Kruger, Eli Roth, M","In Nazi-occupied France during World War II, a plan to assassinate Nazi leaders by a group of Jewish U.S. soldiers coincides with a theatre owner's vengeful plans for the same.","1,534,748",$120.54M
61,Apocalypse Now,1979,"Drama, Mystery, War",8.4,94,Francis Ford Coppola,"Martin Sheen, Marlon Brando, Robert Duvall, Frederic Forrest",A U.S. Army officer serving in Vietnam is tasked with assassinating a renegade Special Forces Colonel who sees himself as a god.,"695,168",$83.47M
62,Spider-Man: Into the Spider-Verse,2018,"Animation, Action, Adventure",8.4,87,"Bob Persichetti, Peter Ramsey, Rodney Rothman","Shameik Moore, Jake Johnson, Hailee Steinfeld, Mahershala Ali",Teen Miles Morales becomes the Spider-Man of his universe and must join with five spider-powered individuals from other dimensions to stop a threat for all realities.,"636,903",$190.24M
63,Coco,2017,"Animation, Adventure, Drama",8.4,81,"Lee Unkrich, Adrian Molina","Anthony Gonzalez, Gael Garc","Aspiring musician Miguel, confronted with his family's ancestral ban on music, enters the Land of the Dead to find his great-great-grandfather, a legendary singer.","561,367",$209.73M
64,Come and See,1985,"Drama, Thriller, War",8.4,,Elem Klimov,"Aleksey Kravchenko, Olga Mironova, Liubomiras Laucevicius, Vladas Bagdonas","After finding an old rifle, a young boy joins the Soviet resistance movement against ruthless German forces and experiences the horrors of World War II.","91,225",
65,Oldboy,2003,"Action, Drama, Mystery",8.4,78,Park Chan,Choi Min,"After being kidnapped and imprisoned for fifteen years, Oh Dae-Su is released, only to find that he must find his captor in five days.","615,260",$0.71M
66,Aliens,1986,"Action, Adventure, Sci-Fi",8.4,84,James Cameron,"Sigourney Weaver, Michael Biehn, Carrie Henn, Paul Reiser","Decades after surviving the Nostromo incident, Ellen Ripley is sent out to re-establish contact with a terraforming colony but finds herself battling the Alien Queen and her offspring.","746,718",$85.16M
67,The Dark Knight Rises,2012,"Action, Drama, Thriller",8.4,78,Christopher Nolan,"Christian Bale, Tom Hardy, Anne Hathaway, Gary Oldman","Eight years after the Joker's reign of chaos, Batman is coerced out of exile with the assistance of the mysterious Selina Kyle in order to defend Gotham City from the vicious guerrilla terrorist Bane.","1,784,648",$448.14M
68,Memento,2000,"Mystery, Thriller",8.4,83,Christopher Nolan,"Guy Pearce, Carrie",A man with short-term memory loss attempts to track down his wife's murderer.,"1,293,366",$25.54M
69,Raiders of the Lost Ark,1981,"Action, Adventure",8.4,86,Steven Spielberg,"Harrison Ford, Karen Allen, Paul Freeman, John Rhys","In 1936, archaeologist and adventurer Indiana Jones is hired by the U.S. government to find the Ark of the Covenant before the Nazis can obtain its awesome powers.","1,017,171",$248.16M
70,Avengers: Infinity War,2018,"Action, Adventure, Sci-Fi",8.4,68,"Anthony Russo, Joe Russo","Robert Downey Jr., Chris Hemsworth, Mark Ruffalo, Chris Evans",The Avengers and their allies must be willing to sacrifice all in an attempt to defeat the powerful Thanos before his blitz of devastation and ruin puts an end to the universe.,"1,163,289",$678.82M
71,Amadeus,1984,"Biography, Drama, Music",8.4,87,Milos Forman,"F. Murray Abraham, Tom Hulce, Elizabeth Berridge, Roy Dotrice","The life, success and troubles of Wolfgang Amadeus Mozart, as told by Antonio Salieri, the contemporaneous composer who was deeply jealous of Mozart's talent and claimed to have murdered him.","419,119",$51.97M
72,Your Name.,2016,"Animation, Drama, Fantasy",8.4,81,Makoto Shinkai,"Ryunosuke Kamiki, Mone Kamishiraishi, Ryo Narita, Aoi Y","Two teenagers share a profound, magical connection upon discovering they are swapping bodies. Things manage to become even more complicated when the boy and girl decide to meet in person.","302,345",$5.02M
73,3 Idiots,2009,"Comedy, Drama",8.4,67,Rajkumar Hirani,"Aamir Khan, Madhavan, Mona Singh, Sharman Joshi","Two friends are searching for their long lost companion. They revisit their college days and recall the memories of their friend who inspired them to think differently, even as the rest of the world called them ""idiots"".","420,576",$6.53M
74,WALL·E,2008,"Animation, Adventure, Family",8.4,95,Andrew Stanton,"Ben Burtt, Elissa Knight, Jeff Garlin, Fred Willard","In the distant future, a small waste-collecting robot inadvertently embarks on a space journey that will ultimately decide the fate of mankind.","1,170,230",$223.81M
75,The Lives of Others,2006,"Drama, Mystery, Thriller",8.4,89,Florian Henckel von Donnersmarck,Ulrich M,"In 1984 East Berlin, an agent of the secret police, conducting surveillance on a writer and his lover, finds himself becoming increasingly absorbed by their lives.","402,939",$11.29M
76,Dr. Strangelove or: How I Learned to Stop Worrying and Love the Bomb,1964,"Comedy, War",8.4,97,Stanley Kubrick,"Peter Sellers, George C. Scott, Sterling Hayden, Keenan Wynn","An insane American general orders a bombing attack on the Soviet Union, triggering a path to nuclear holocaust that a war room full of politicians and generals frantically tries to stop.","508,636",$0.28M
77,Capernaum,2018,Drama,8.4,75,Nadine Labaki,"Zain Al Rafeea, Yordanos Shiferaw, Boluwatife Treasure Bankole, Kawsar Al Haddad","While serving a five-year sentence for a violent crime, a 12-year-old boy sues his parents for neglect.","100,211",$1.66M
78,Das Boot,1981,"Drama, War",8.4,86,Wolfgang Petersen,J,A German U-boat stalks the frigid waters of the North Atlantic as its young crew experience the sheer terror and claustrophobic life of a submariner in World War II.,"259,857",$11.49M
79,Sunset Blvd.,1950,"Drama, Film-Noir",8.4,94,Billy Wilder,"William Holden, Gloria Swanson, Erich von Stroheim, Nancy Olson",A screenwriter develops a dangerous relationship with a faded film star determined to make a triumphant return.,"231,525",
80,The Great Dictator,1940,"Comedy, Drama, War",8.4,,Charles Chaplin,"Charles Chaplin, Paulette Goddard, Jack Oakie, Reginald Gardiner",Dictator Adenoid Hynkel tries to expand his empire while a poor Jewish barber tries to avoid persecution from Hynkel's regime.,"233,066",$0.29M
81,Paths of Glory,1957,"Drama, War",8.4,90,Stanley Kubrick,"Kirk Douglas, Ralph Meeker, Adolphe Menjou, George Macready","After refusing to attack an enemy position, a general accuses the soldiers of cowardice and their commanding officer must defend them.","207,351",
82,Witness for the Prosecution,1957,"Crime, Drama, Mystery",8.4,76,Billy Wilder,"Tyrone Power, Marlene Dietrich, Charles Laughton, Elsa Lanchester",A veteran British barrister must defend his client in a murder trial that has surprise after surprise.,"133,377",$8.18M
83,High and Low,1963,"Crime, Drama, Mystery",8.4,90,Akira Kurosawa,Toshir,An executive of a Yokohama shoe company becomes a victim of extortion when his chauffeur's son is kidnapped by mistake and held for ransom.,"50,368",
84,Top Gun: Maverick,2022,"Action, Drama",8.3,78,Joseph Kosinski,"Tom Cruise, Jennifer Connelly, Miles Teller, Val Kilmer","After thirty years, Maverick is still pushing the envelope as a top naval aviator, but must confront ghosts of his past when he leads TOP GUN's elite graduates on a mission that demands the ultimate sacrifice from those chosen to fly it.","638,130",$718.73M
85,Heat,1995,"Action, Crime, Drama",8.3,76,Michael Mann,"Al Pacino, Robert De Niro, Val Kilmer, Jon Voight",A group of high-end professional thieves start to feel the heat from the LAPD when they unknowingly leave a clue at their latest heist.,"697,640",$67.44M
86,American Beauty,1999,Drama,8.3,84,Sam Mendes,"Kevin Spacey, Annette Bening, Thora Birch, Wes Bentley",A sexually frustrated suburban father has a mid-life crisis after becoming infatuated with his daughter's best friend.,"1,190,499",$130.10M
87,Good Will Hunting,1997,"Drama, Romance",8.3,70,Gus Van Sant,"Robin Williams, Matt Damon, Ben Affleck, Stellan Skarsg","Will Hunting, a janitor at M.I.T., has a gift for mathematics, but needs help from a psychologist to find direction in his life.","1,028,559",$138.43M
88,Scarface,1983,"Crime, Drama",8.3,65,Brian De Palma,"Al Pacino, Michelle Pfeiffer, Steven Bauer, Mary Elizabeth Mastrantonio","In 1980 Miami, a determined Cuban immigrant takes over a drug cartel and succumbs to greed.","890,435",$45.60M
89,Requiem for a Dream,2000,Drama,8.3,71,Darren Aronofsky,"Ellen Burstyn, Jared Leto, Jennifer Connelly, Marlon Wayans",The drug-induced utopias of four Coney Island people are shattered when their addictions run deep.,"879,167",$3.64M
90,A Clockwork Orange,1971,"Crime, Sci-Fi",8.3,77,Stanley Kubrick,"Malcolm McDowell, Patrick Magee, Michael Bates, Warren Clarke","In the future, a sadistic gang leader is imprisoned and volunteers for a conduct-aversion experiment, but it doesn't go as planned.","863,769",$6.21M
91,Once Upon a Time in America,1984,"Crime, Drama",8.3,75,Sergio Leone,"Robert De Niro, James Woods, Elizabeth McGovern, Treat Williams","A former Prohibition-era Jewish gangster returns to the Lower East Side of Manhattan 35 years later, where he must once again confront the ghosts and regrets of his old life.","368,820",$5.32M
92,Eternal Sunshine of the Spotless Mind,2004,"Drama, Romance, Sci-Fi",8.3,89,Michel Gondry,"Jim Carrey, Kate Winslet, Tom Wilkinson, Gerry Robert Byrne","When their relationship turns sour, a couple undergoes a medical procedure to have each other erased from their memories for ever.","1,051,294",$34.40M
93,2001: A Space Odyssey,1968,"Adventure, Sci-Fi",8.3,84,Stanley Kubrick,"Keir Dullea, Gary Lockwood, William Sylvester, Daniel Richter","After uncovering a mysterious artifact buried beneath the Lunar surface, a spacecraft is sent to Jupiter to find its origins: a spacecraft manned by two men and the supercomputer HAL 9000.","702,132",$56.95M
94,Braveheart,1995,"Biography, Drama, History",8.3,68,Mel Gibson,"Mel Gibson, Sophie Marceau, Patrick McGoohan, Angus Macfadyen",Scottish warrior William Wallace leads his countrymen in a rebellion to free his homeland from the tyranny of King Edward I of England.,"1,072,372",$75.60M
95,The Hunt,2012,Drama,8.3,77,Thomas Vinterberg,"Mads Mikkelsen, Thomas Bo Larsen, Annika Wedderkopp, Lasse Fogelstr","A teacher lives a lonely life, all the while struggling over his son's custody. His life slowly gets better as he finds love and receives good news from his son, but his new luck is about to be brutally shattered by an innocent little lie.","352,458",$0.69M
96,Reservoir Dogs,1992,"Crime, Thriller",8.3,81,Quentin Tarantino,"Harvey Keitel, Tim Roth, Michael Madsen, Chris Penn","When a simple jewelry heist goes horribly wrong, the surviving criminals begin to suspect that one of them is a police informant.","1,064,426",$2.83M
97,Toy Story,1995,"Animation, Adventure, Comedy",8.3,96,John Lasseter,"Tom Hanks, Tim Allen, Don Rickles, Jim Varney",A cowboy doll is profoundly threatened and jealous when a new spaceman action figure supplants him as top toy in a boy's bedroom.,"1,042,947",$191.80M
98,Full Metal Jacket,1987,"Drama, War",8.3,78,Stanley Kubrick,"Matthew Modine, R. Lee Ermey, Vincent D",A pragmatic U.S. Marine observes the dehumanizing effects the Vietnam War has on his fellow recruits from their brutal boot camp training to the bloody street fighting in Hue.,"773,663",$46.36M
99,Hamilton,2020,"Biography, Drama, History",8.3,88,Thomas Kail,Lin,"The real life of one of America's foremost founding fathers and first Secretary of the Treasury, Alexander Hamilton. Captured live on Broadway from the Richard Rodgers Theater with the original Broadway cast.","107,395",
100,Incendies,2010,"Drama, Mystery, War",8.3,80,Denis Villeneuve,"Lubna Azabal, M",Twins journey to the Middle East to discover their family history and fulfill their mother's last wishes.,"190,831",$6.86M
101,Up,2009,"Animation, Adventure, Comedy",8.3,88,"Pete Docter, Bob Peterson","Edward Asner, Jordan Nagai, John Ratzenberger, Christopher Plummer","78-year-old Carl Fredricksen travels to Paradise Falls in his house equipped with balloons, inadvertently taking a young stowaway.","1,096,236",$293.00M
102,Lawrence of Arabia,1962,"Adventure, Biography, Drama",8.3,100,David Lean,Peter O,"The story of T.E. Lawrence, the English officer who successfully united and led the diverse, often warring, Arab tribes during World War I in order to fight the Turks.","307,123",$44.82M
103,Star Wars: Episode VI - Return of the Jedi,1983,"Action, Adventure, Fantasy",8.3,58,Richard Marquand,"Mark Hamill, Harrison Ford, Carrie Fisher, Billy Dee Williams","After rescuing Han Solo from Jabba the Hutt, the Rebels attempt to destroy the second Death Star, while Luke struggles to help Darth Vader back from the dark side.","1,098,227",$309.13M
104,Amélie,2001,"Comedy, Romance",8.3,69,Jean,"Audrey Tautou, Mathieu Kassovitz, Rufus, Lorella Cravotta","Despite being caught in her imaginative world, Amelie, a young waitress, decides to help people find happiness. Her quest to spread joy leads her on a journey where she finds true love.","781,076",$33.23M
105,Vertigo,1958,"Mystery, Romance, Thriller",8.3,100,Alfred Hitchcock,"James Stewart, Kim Novak, Barbara Bel Geddes, Tom Helmore","A former San Francisco police detective juggles wrestling with his personal demons and becoming obsessed with the hauntingly beautiful woman he has been hired to trail, who may be deeply disturbed.","418,492",$3.20M
106,Princess Mononoke,1997,"Animation, Action, Adventure",8.3,76,Hayao Miyazaki,Y,"On a journey to find the cure for a Tatarigami's curse, Ashitaka finds himself in the middle of a war between the forest gods and Tatara, a mining colony. In this quest he also meets San, the Mononoke Hime.","418,495",$2.38M
107,Toy Story 3,2010,"Animation, Adventure, Comedy",8.3,92,Lee Unkrich,"Tom Hanks, Tim Allen, Joan Cusack, Ned Beatty","The toys are mistakenly delivered to a day-care center instead of the attic right before Andy leaves for college, and it's up to Woody to convince the other toys that they weren't abandoned and to return home.","873,698",$415.00M
108,Citizen Kane,1941,"Drama, Mystery",8.3,100,Orson Welles,"Orson Welles, Joseph Cotten, Dorothy Comingore, Agnes Moorehead","Following the death of publishing tycoon Charles Foster Kane, reporters scramble to uncover the meaning of his final utterance: 'Rosebud.'","457,986",$1.59M
109,North by Northwest,1959,"Action, Adventure, Mystery",8.3,98,Alfred Hitchcock,"Cary Grant, Eva Marie Saint, James Mason, Jessie Royce Landis","A New York City advertising executive goes on the run after being mistaken for a government agent by a group of foreign spies, and falls for a woman whose loyalties he begins to doubt.","339,965",$13.28M
110,Metropolis,1927,"Drama, Sci-Fi",8.3,98,Fritz Lang,"Brigitte Helm, Alfred Abel, Gustav Fr","In a futuristic city sharply divided between the working class and the city planners, the son of the city's mastermind falls in love with a working-class prophet who predicts the coming of a savior to mediate their differences.","181,658",$1.24M
111,To Kill a Mockingbird,1962,"Crime, Drama",8.3,88,Robert Mulligan,"Gregory Peck, John Megna, Frank Overton, Rosemary Murphy","Atticus Finch, a widowed lawyer in Depression-era Alabama, defends a Black man against an undeserved rape charge, and tries to educate his young children against prejudice.","327,392",
112,Singin' in the Rain,1952,"Comedy, Musical, Romance",8.3,99,"Stanley Donen, Gene Kelly","Gene Kelly, Donald O",A silent film star falls for a chorus girl just as he and his delusionally jealous screen partner are trying to make the difficult transition to talking pictures in 1920s Hollywood.,"254,505",$8.82M
113,M,1931,"Crime, Mystery, Thriller",8.3,,Fritz Lang,"Peter Lorre, Ellen Widmann, Inge Landgut, Otto Wernicke","When the police in a German city are unable to catch a child-murderer, other criminals join in the manhunt.","165,069",$0.03M
114,The Sting,1973,"Comedy, Crime, Drama",8.3,83,George Roy Hill,"Paul Newman, Robert Redford, Robert Shaw, Charles Durning",Two grifters team up to pull off the ultimate con.,"273,917",$159.60M
115,The Apartment,1960,"Comedy, Drama, Romance",8.3,94,Billy Wilder,"Jack Lemmon, Shirley MacLaine, Fred MacMurray, Ray Walston","A Manhattan insurance clerk tries to rise in his company by letting its executives use his apartment for trysts, but complications and a romance of his own ensue.","191,269",$18.60M
116,A Separation,2011,Drama,8.3,95,Asghar Farhadi,"Payman Maadi, Leila Hatami, Sareh Bayat, Shahab Hosseini",A married couple are faced with a difficult decision - to improve the life of their child by moving to another country or to stay in Iran and look after a deteriorating parent who has Alzheimer's disease.,"253,844",$7.10M
117,Bicycle Thieves,1948,Drama,8.3,,Vittorio De Sica,"Lamberto Maggiorani, Enzo Staiola, Lianella Carell, Elena Altieri","In post-war Italy, a working-class man's bicycle is stolen, endangering his efforts to find work. He and his son set out to find it.","171,216",$0.33M
118,Ikiru,1952,Drama,8.3,92,Akira Kurosawa,"Takashi Shimura, Nobuo Kaneko, Shin",A bureaucrat tries to find meaning in his life after he discovers he has terminal cancer.,"84,613",$0.06M
119,Judgment at Nuremberg,1961,"Drama, War",8.3,60,Stanley Kramer,"Spencer Tracy, Burt Lancaster, Richard Widmark, Marlene Dietrich","In 1948, an American court in occupied Germany tries four Nazis judged for war crimes.","82,445",
120,Double Indemnity,1944,"Crime, Drama, Film-Noir",8.3,95,Billy Wilder,"Fred MacMurray, Barbara Stanwyck, Edward G. Robinson, Byron Barr","A Los Angeles insurance representative lets an alluring housewife seduce him into a scheme of insurance fraud and murder that arouses the suspicion of his colleague, an insurance investigator.","163,998",$5.72M
121,Like Stars on Earth,2007,"Drama, Family",8.3,,"Aamir Khan, Amole Gupte","Darsheel Safary, Aamir Khan, Tanay Chheda, Sachet Engineer","An eight-year-old boy is thought to be a lazy trouble-maker, until the new art teacher has the patience and compassion to discover the real problem behind his struggles in school.","202,423",$1.22M
122,Dangal,2016,"Action, Biography, Drama",8.3,,Nitesh Tiwari,"Aamir Khan, Sakshi Tanwar, Fatima Sana Shaikh, Sanya Malhotra",Former wrestler Mahavir Singh Phogat and his two wrestler daughters struggle towards glory at the Commonwealth Games in the face of societal oppression.,"203,034",$12.39M
123,The Wolf of Wall Street,2013,"Biography, Comedy, Crime",8.2,75,Martin Scorsese,"Leonardo DiCaprio, Jonah Hill, Margot Robbie, Matthew McConaughey","Based on the true story of Jordan Belfort, from his rise to a wealthy stock-broker living the high life to his fall involving crime, corruption and the federal government.","1,522,241",$116.90M
124,The Thing,1982,"Horror, Mystery, Sci-Fi",8.2,57,John Carpenter,"Kurt Russell, Wilford Brimley, Keith David, Richard Masur",A research team in Antarctica is hunted by a shape-shifting alien that assumes the appearance of its victims.,"452,183",$13.78M
125,Spider-Man: No Way Home,2021,"Action, Adventure, Fantasy",8.2,71,Jon Watts,"Tom Holland, Zendaya, Benedict Cumberbatch, Jacob Batalon","With Spider-Man's identity now revealed, Peter asks Doctor Strange for help. When a spell goes wrong, dangerous foes from other worlds start to appear, forcing Peter to discover what it truly means to be Spider-Man.","839,876",$804.75M
126,Taxi Driver,1976,"Crime, Drama",8.2,94,Martin Scorsese,"Robert De Niro, Jodie Foster, Cybill Shepherd, Albert Brooks","A mentally unstable veteran works as a nighttime taxi driver in New York City, where the perceived decadence and sleaze fuels his urge for violent action.","891,976",$28.26M
127,Shutter Island,2010,"Mystery, Thriller",8.2,63,Martin Scorsese,"Leonardo DiCaprio, Emily Mortimer, Mark Ruffalo, Ben Kingsley","Teddy Daniels and Chuck Aule, two US marshals, are sent to an asylum on a remote island in order to investigate the disappearance of a patient, where Teddy uncovers a shocking truth about the place.","1,405,699",$128.01M
128,Jurassic Park,1993,"Action, Adventure, Sci-Fi",8.2,68,Steven Spielberg,"Sam Neill, Laura Dern, Jeff Goldblum, Richard Attenborough",A pragmatic paleontologist touring an almost complete theme park on an island in Central America is tasked with protecting a couple of kids after a power failure causes the park's cloned dinosaurs to run loose.,"1,040,080",$402.45M
129,No Country for Old Men,2007,"Crime, Drama, Thriller",8.2,92,"Ethan Coen, Joel Coen","Tommy Lee Jones, Javier Bardem, Josh Brolin, Woody Harrelson",Violence and mayhem ensue after a hunter stumbles upon a drug deal gone wrong and more than two million dollars in cash near the Rio Grande.,"1,029,380",$74.28M
130,The Sixth Sense,1999,"Drama, Mystery, Thriller",8.2,64,M. Night Shyamalan,"Bruce Willis, Haley Joel Osment, Toni Collette, Olivia Williams","Malcolm Crowe, a child psychologist, starts treating a young boy, Cole, who encounters dead people and convinces him to help them. In turn, Cole helps Malcolm reconcile with his estranged wife.","1,029,373",$293.51M
131,There Will Be Blood,2007,Drama,8.2,93,Paul Thomas Anderson,Daniel Day,"A story of family, religion, hatred, oil and madness, focusing on a turn-of-the-century prospector in the early days of the business.","623,146",$40.22M
132,Snatch,2000,"Comedy, Crime",8.2,55,Guy Ritchie,"Jason Statham, Brad Pitt, Stephen Graham, Vinnie Jones","Unscrupulous boxing promoters, violent bookmakers, a Russian gangster, incompetent amateur robbers and supposedly Jewish jewelers fight to track down a priceless stolen diamond.","890,199",$30.33M
133,Casino,1995,"Crime, Drama",8.2,73,Martin Scorsese,"Robert De Niro, Sharon Stone, Joe Pesci, James Woods","In Las Vegas, two best friends - a casino executive and a mafia enforcer - compete for a gambling empire and a fast-living, fast-loving socialite.","548,833",$42.44M
134,Batman Begins,2005,"Action, Crime, Drama",8.2,70,Christopher Nolan,"Christian Bale, Michael Caine, Ken Watanabe, Liam Neeson","After witnessing his parents' death, Bruce learns the art of fighting to confront injustice. When he returns to Gotham as Batman, he must stop a secret society that intends to destroy the city.","1,541,792",$206.85M
135,The Truman Show,1998,"Comedy, Drama",8.2,90,Peter Weir,"Jim Carrey, Ed Harris, Laura Linney, Noah Emmerich",An insurance salesman discovers his whole life is actually a reality TV show.,"1,154,271",$125.62M
136,The Great Escape,1963,"Adventure, Drama, History",8.2,86,John Sturges,"Steve McQueen, James Garner, Richard Attenborough, Charles Bronson",Allied prisoners of war plan for several hundred of their number to escape from a German camp during World War II.,"254,087",$12.10M
137,V for Vendetta,2005,"Action, Drama, Sci-Fi",8.2,62,James McTeigue,"Hugo Weaving, Natalie Portman, Rupert Graves, Stephen Rea","In a future British dystopian society, a shadowy freedom fighter, known only by the alias of ""V"", plots to overthrow the tyrannical government - with the help of a young woman.","1,158,683",$70.51M
138,Kill Bill: Vol. 1,2003,"Action, Crime, Thriller",8.2,69,Quentin Tarantino,"Uma Thurman, David Carradine, Daryl Hannah, Michael Madsen","After awakening from a four-year coma, a former assassin wreaks vengeance on the team of assassins who betrayed her.","1,164,319",$70.10M
139,Green Book,2018,"Biography, Comedy, Drama",8.2,69,Peter Farrelly,"Viggo Mortensen, Mahershala Ali, Linda Cardellini, Sebastian Maniscalco",A working-class Italian-American bouncer becomes the driver for an African-American classical pianist on a tour of venues through the 1960s American South.,"540,143",$85.08M
140,Howl's Moving Castle,2004,"Animation, Adventure, Family",8.2,82,Hayao Miyazaki,Chieko Baish,"When an unconfident young woman is cursed with an old body by a spiteful witch, her only chance of breaking the spell lies with a self-indulgent yet insecure young wizard and his companions in his legged, walking castle.","428,030",$4.71M
141,Die Hard,1988,"Action, Thriller",8.2,72,John McTiernan,"Bruce Willis, Alan Rickman, Bonnie Bedelia, Reginald VelJohnson",A New York City police officer tries to save his estranged wife and several others taken hostage by terrorists during a Christmas party at the Nakatomi Plaza in Los Angeles.,"916,296",$83.01M
142,A Beautiful Mind,2001,"Biography, Drama",8.2,72,Ron Howard,"Russell Crowe, Ed Harris, Jennifer Connelly, Christopher Plummer","After John Nash, a brilliant but asocial mathematician, accepts secret work in cryptography, his life takes a turn for the nightmarish.","967,068",$170.74M
143,1917,2019,"Action, Drama, War",8.2,78,Sam Mendes,Dean,"April 6th, 1917. As an infantry battalion assembles to wage war deep in enemy territory, two soldiers are assigned to race against time and deliver a message that will stop 1,600 men from walking straight into a deadly trap.","647,200",$159.23M
144,Pan's Labyrinth,2006,"Drama, Fantasy, War",8.2,98,Guillermo del Toro,"Ivana Baquero, Ariadna Gil, Sergi L","In the Falangist Spain of 1944, the bookish young stepdaughter of a sadistic army officer escapes into an eerie but captivating fantasy world.","691,404",$37.63M
145,Indiana Jones and the Last Crusade,1989,"Action, Adventure",8.2,65,Steven Spielberg,"Harrison Ford, Sean Connery, Alison Doody, Denholm Elliott","In 1938, after his father goes missing while pursuing the Holy Grail, Indiana Jones finds himself up against the Nazis again to stop them from obtaining its powers.","794,963",$197.17M
146,Finding Nemo,2003,"Animation, Adventure, Comedy",8.2,90,"Andrew Stanton, Lee Unkrich","Albert Brooks, Ellen DeGeneres, Alexander Gould, Willem Dafoe","After his son is captured in the Great Barrier Reef and taken to Sydney, a timid clownfish sets out on a journey to bring him home.","1,088,529",$380.84M
147,L.A. Confidential,1997,"Crime, Drama, Mystery",8.2,91,Curtis Hanson,"Kevin Spacey, Russell Crowe, Guy Pearce, Kim Basinger","As corruption grows in 1950s Los Angeles, three policemen - one strait-laced, one brutal, and one sleazy - investigate a series of murders with their own brand of justice.","603,813",$64.62M
148,Gone with the Wind,1939,"Drama, Romance, War",8.2,97,"Victor Fleming, George Cukor, Sam Wood","Clark Gable, Vivien Leigh, Thomas Mitchell, Barbara O",A sheltered and manipulative Southern belle and a roguish profiteer face off in a turbulent romance as the society around them crumbles with the end of slavery and is rebuilt during the Civil War and Reconstruction periods.,"327,836",$198.68M
149,Downfall,2004,"Biography, Drama, History",8.2,82,Oliver Hirschbiegel,"Bruno Ganz, Alexandra Maria Lara, Ulrich Matthes, Juliane K","Traudl Junge, the final secretary for Adolf Hitler, tells of the Nazi dictator's final days in his Berlin bunker at the end of WWII.","368,426",$5.51M
150,The Father,2020,"Drama, Mystery",8.2,88,Florian Zeller,"Anthony Hopkins, Olivia Colman, Mark Gatiss, Olivia Williams","A man refuses all assistance from his daughter as he ages. As he tries to make sense of his changing circumstances, he begins to doubt his loved ones, his own mind and even the fabric of his reality.","179,771",
